T_K,rho0_Ohm_m
4.2,9.832581476202e-12
5.0,9.936413555684e-12
6.0,1.000222932252e-11
7.0,1.034635410556e-11
8.0,1.113090064682e-11
9.0,1.2358566097110001e-11
10.0,1.2573779208790001e-11
11.0,1.274596915767e-11
12.0,1.2920706556810002e-11
13.0,1.3131098584940001e-11
14.0,1.335378443237e-11
15.0,1.3613806551940001e-11
16.0,1.390283651907e-11
17.0,1.4203886954380002e-11
18.0,1.4588501756160002e-11
19.0,1.5031527081610002e-11
20.0,1.556923274368e-11
21.0,1.615943763102e-11
22.0,1.689364638646e-11
23.0,1.775550198993e-11
24.0,1.8783327837200002e-11
25.0,2.0010200009380002e-11
26.0,2.152088708909e-11
27.0,2.3295632624840003e-11
28.0,2.5442250563750004e-11
29.0,2.799525695168e-11
30.0,3.1076161166570004e-11
31.0,3.4694211190100005e-11
32.0,3.8936757370950004e-11
33.0,4.3862764302460003e-11
34.0,4.9504632523010005e-11
35.0,5.596067157188001e-11
36.0,6.332866210979001e-11
37.0,7.161465231009e-11
38.0,8.097292104518e-11
39.0,9.169255947275001e-11
40.0,1.035425961713e-10
41.0,1.165540676373e-10
42.0,1.305694878885e-10
43.0,1.464657189256e-10
44.0,1.636437422618e-10
45.0,1.821194762509e-10
46.0,2.026240300359e-10
47.0,2.25522968401e-10
48.0,2.502572324488e-10
49.0,2.77071659031e-10
50.0,3.053129479023e-10
51.0,3.363159307271e-10
52.0,3.693891418998e-10
53.0,4.060407152296e-10
54.0,4.465982149872e-10
55.0,4.902434100581e-10
56.0,5.234986533401e-10
57.0,5.613978490893e-10
58.0,6.045707661588e-10
59.0,6.481503178825e-10
60.0,6.970795805285e-10
61.0,7.51034669552e-10
62.0,8.108800013418e-10
63.0,8.747971053892e-10
64.0,9.394728746841e-10
65.0,1.006952652971e-09
66.0,1.07459065943e-09
67.0,1.144293692956e-09
68.0,1.21438327481e-09
69.0,1.285816527563e-09
70.0,1.359115173114e-09
71.0,1.433602111987e-09
72.0,1.508971403837e-09
73.0,1.587008663344e-09
74.0,1.665502922278e-09
75.0,1.745632137297e-09
76.0,1.825381494467e-09
77.0,1.909574047547e-09
78.0,1.9927595374e-09
79.0,2.076498656885e-09
80.0,2.163164415919e-09
81.0,2.251100466163e-09
82.0,2.339008263251e-09
83.0,2.427959892585e-09
84.0,2.51904838198e-09
85.0,2.609989329263e-09
86.0,2.702740462422e-09
87.0,2.798514534644e-09
88.0,2.892280871594e-09
89.0,2.986920222511e-09
90.0,3.084639127646e-09
91.0,3.183910254513e-09
92.0,3.283886728288e-09
93.0,3.384048839547e-09
94.0,3.48661677451e-09
95.0,3.588306766745e-09
96.0,3.691049863488e-09
97.0,3.795875938572e-09
98.0,3.899904731742e-09
99.0,4.008039296612e-09
100.0,4.115425410676e-09
101.0,4.222378491543e-09
102.0,4.332257732575e-09
103.0,4.437480142161e-09
104.0,4.548573081279e-09
105.0,4.657343623064e-09
106.0,4.765414098897e-09
107.0,4.875359333687e-09
108.0,4.986037294183e-09
109.0,5.096247692257e-09
110.0,5.208619842918e-09
111.0,5.319764436561e-09
112.0,5.431856641466e-09
113.0,5.541393821064e-09
114.0,5.653093635971e-09
115.0,5.76675613118e-09
116.0,5.877834263122e-09
117.0,5.992941559494e-09
118.0,6.107253990841e-09
119.0,6.219559648393e-09
120.0,6.334161159387e-09
121.0,6.447852710598e-09
122.0,6.562460775386e-09
123.0,6.675973633939e-09
124.0,6.793084366143e-09
125.0,6.910885407052e-09
126.0,7.025361145678e-09
127.0,7.14399432485e-09
128.0,7.257456181924e-09
129.0,7.380550270775e-09
130.0,7.499747357045e-09
131.0,7.623244720691e-09
132.0,7.746473564821e-09
133.0,7.868751727699e-09
134.0,7.996136611996e-09
135.0,8.1207610484e-09
136.0,8.246464958805e-09
137.0,8.374908269958e-09
138.0,8.504698091082e-09
139.0,8.633333300396e-09
140.0,8.767125941532e-09
141.0,8.896336788368e-09
142.0,9.026328894203e-09
143.0,9.157765569075e-09
144.0,9.28642167946e-09
145.0,9.421955896456e-09
146.0,9.550669368868e-09
147.0,9.688211073158e-09
148.0,9.82002466872e-09
149.0,9.951241608228e-09
150.0,1.008793048266e-08
151.0,1.021937424447e-08
152.0,1.03539272435e-08
153.0,1.048791149168e-08
154.0,1.062164970629e-08
155.0,1.076101367868e-08
156.0,1.089591979396e-08
157.0,1.103135269041e-08
158.0,1.116767561376e-08
159.0,1.130361328722e-08
160.0,1.143704057888e-08
161.0,1.157666338452e-08
162.0,1.171184816735e-08
163.0,1.184676732003e-08
164.0,1.198784503049e-08
165.0,1.212073365251e-08
166.0,1.225374632589e-08
167.0,1.239377840733e-08
168.0,1.252824665893e-08
169.0,1.266865195366e-08
170.0,1.280364635043e-08
171.0,1.294042880296e-08
172.0,1.307115271775e-08
173.0,1.321332605563e-08
174.0,1.334622015548e-08
175.0,1.348332564991e-08
176.0,1.361823513946e-08
177.0,1.375201284527e-08
178.0,1.388925014019e-08
179.0,1.402536748838e-08
180.0,1.416059893732e-08
181.0,1.429874503233e-08
182.0,1.443199518517e-08
183.0,1.457474136074e-08
184.0,1.470948690524e-08
185.0,1.484512004307e-08
186.0,1.49832324028e-08
187.0,1.511789326637e-08
188.0,1.52549192879e-08
189.0,1.539054243948e-08
190.0,1.552008224831e-08
191.0,1.565947014481e-08
192.0,1.579176380593e-08
193.0,1.593670672228e-08
194.0,1.607287591083e-08
195.0,1.62093320195e-08
196.0,1.634055839739e-08
197.0,1.648263012488e-08
198.0,1.662019013523e-08
199.0,1.675108097579e-08
200.0,1.68895624811e-08
201.0,1.702245813384e-08
202.0,1.716046012807e-08
203.0,1.730121675733e-08
204.0,1.743045802701e-08
205.0,1.75673222182e-08
206.0,1.769631434852e-08
207.0,1.783498730176e-08
208.0,1.797068811932e-08
209.0,1.810697722695e-08
210.0,1.824156710327e-08
211.0,1.838078405643e-08
212.0,1.851542826981e-08
213.0,1.865398945303e-08
214.0,1.878158623824e-08
215.0,1.89192102596e-08
216.0,1.905981889381e-08
217.0,1.919002891924e-08
218.0,1.932566506222e-08
219.0,1.946082184541e-08
220.0,1.959513231964e-08
221.0,1.972714148466e-08
222.0,1.987357384357e-08
223.0,2.00024488348e-08
224.0,2.014113335339e-08
225.0,2.027161484232e-08
226.0,2.041100678963e-08
227.0,2.054248399624e-08
228.0,2.0683542755e-08
229.0,2.081722839453e-08
230.0,2.095289638423e-08
231.0,2.108604035402e-08
232.0,2.121977031488e-08
233.0,2.13561185674e-08
234.0,2.149155546022e-08
235.0,2.162455852093e-08
236.0,2.176097784406e-08
237.0,2.190046630468e-08
238.0,2.203159633422e-08
239.0,2.216609615225e-08
240.0,2.230799969633e-08
241.0,2.243947876852e-08
242.0,2.258004994753e-08
243.0,2.272071340016e-08
244.0,2.284637105256e-08
245.0,2.298498615447e-08
246.0,2.311669723351e-08
247.0,2.325489653853e-08
248.0,2.339600042561e-08
249.0,2.353139422367e-08
250.0,2.366363395412e-08
251.0,2.379750545906e-08
252.0,2.394097412093e-08
253.0,2.407951225182e-08
254.0,2.421156797534e-08
255.0,2.434998844383e-08
256.0,2.448900529495e-08
257.0,2.462758697927e-08
258.0,2.476810620856e-08
259.0,2.490112741251e-08
260.0,2.504113687789e-08
261.0,2.517809208382e-08
262.0,2.532117435118e-08
263.0,2.545783723398e-08
264.0,2.559558463542e-08
265.0,2.574068915519e-08
266.0,2.587704172473e-08
267.0,2.601982727472e-08
268.0,2.615785786543e-08
269.0,2.62973548328e-08
270.0,2.643296957154e-08
271.0,2.656748858443e-08
272.0,2.670004473856e-08
273.0,2.68264861444e-08
274.0,2.69634389437e-08
275.0,2.709251551293e-08
276.0,2.721157086303e-08
277.0,2.733023934831e-08
278.0,2.746182732126e-08
279.0,2.75920947692e-08
280.0,2.773757948065e-08
281.0,2.787129737313e-08
282.0,2.801591421126e-08
283.0,2.815428186039e-08
284.0,2.833482443306e-08
285.0,2.847955575387e-08
286.0,2.861052548475e-08
287.0,2.872243732438e-08
288.0,2.883463990521e-08
289.0,2.896169878478e-08
290.0,2.911218823554e-08
291.0,2.927134153176e-08
292.0,2.936070944977e-08
293.0,2.948579929955e-08
293.15,2.950557398974e-08
