T_K,Bpk_T,Qxx_Jpm,Qyy_Jpm,Qxy_Jpm,Qtheta45_Jpm,Qmean_Jpm,angle_spread_rel,runtime_s,B_extrapolated
4.2,0.0,0.0,0.0,0.0,0.0,0.0,0.0,0.0,False
4.2,2.5,3.79459957702622,3.786948846849131,-0.046524249400811,3.744249962536864,3.7907742119376753,0.0132821454601007,3.773341178894043,False
4.2,5.0,13.713055694539404,13.684848667833316,-0.1646619231641787,13.534290258022182,13.69895218118636,0.013049570080457,3.868222713470459,False
4.2,7.5,29.087569437256963,29.026430433091956,-0.3448729400142228,28.71212699516024,29.05699993517446,0.0129208948939784,4.029629230499268,False
4.2,10.0,49.18704044703225,49.08244067545773,-0.5778112175421587,48.55692934370284,49.134740561245,0.0128241463398793,3.81411361694336,False
4.2,12.5,73.58335870672717,73.42605389607414,-0.85935150883194,72.64535479256872,73.50470630140066,0.0127611409031719,3.951950073242188,False
4.2,15.0,102.42108954587668,102.2021053326905,-1.1950938489548966,101.11650359032868,102.3115974392836,0.0127511053311643,3.984952688217163,False
4.2,17.5,135.01317910847317,134.7244594093162,-1.5741672225193255,133.29465203637537,134.8688192588947,0.0127422118881229,4.189163684844971,False
4.2,20.5,178.66613438658192,178.28397332299363,-2.081397534132408,176.39365632065537,178.47505385478777,0.0127327490136268,3.86841893196106,False
4.2,22.0,202.223427549502,201.79082130524955,-2.354935581670049,199.65218884570567,202.00712442737577,0.0127284555487084,3.721163034439087,True
20.0,0.0,0.0,0.0,0.0,0.0,0.0,0.0,0.0,False
20.0,2.5,2.565163559641512,2.559813078403814,-0.0306184073330966,2.531869911689566,2.5624883190226626,0.0129927023295248,4.120493650436401,False
20.0,5.0,9.25208097787692,9.23266142133612,-0.1088264029811313,9.133544796625388,9.24237119960652,0.0128252997733501,4.098316192626953,False
20.0,7.5,19.709505589895997,19.66773369089441,-0.2294842084460464,19.45913543194916,19.688619640395203,0.012716491177124,4.334053754806519,False
20.0,10.0,33.55691407591988,33.485420566392925,-0.387842770205567,33.13332455095083,33.5211673211564,0.0126364789421191,3.886465549468994,False
20.0,12.5,50.5775131919802,50.46951488103336,-0.5818490130274355,49.94166502347935,50.52351403650678,0.0125851928676499,3.774925470352173,False
20.0,15.0,70.92841647164015,70.77694370071731,-0.8152257974846295,70.03745428869411,70.85268008617874,0.0125748550635255,4.069980144500732,False
20.0,17.5,94.16976695288724,93.96863008486557,-1.0814203649728509,92.98777815390352,94.0691985188764,0.0125650990716851,3.88065505027771,False
20.0,20.5,125.62835861696016,125.35997710760306,-1.4412775169290954,124.05289034535252,125.4941678622816,0.0125541154497042,3.7619476318359375,False
20.0,22.0,142.74055831093517,142.43558820405784,-1.6368411947745778,140.9512320627219,142.5880732574965,0.012548919466651,3.763998746871948,True
40.0,0.0,0.0,0.0,0.0,0.0,0.0,0.0,0.0,False
40.0,2.5,0.5685396937448766,0.5673300703650146,-0.0063864261451217,0.5615484559098238,0.5679348820549456,0.0123099285780026,3.812123537063599,False
40.0,5.0,1.923465644907718,1.9193738018916957,-0.0216127332326651,1.8998069901670411,1.9214197233997063,0.0123131112127941,4.006173372268677,False
40.0,7.5,3.974896646342968,3.966443721632306,-0.0446401510666591,3.926030032920978,3.970670183987637,0.012306893082949,3.794114589691162,False
40.0,10.0,6.702348636563374,6.688100090006803,-0.0752089392817509,6.620015424003338,6.695224363285089,0.012297304480419,3.8788743019104,False
40.0,12.5,10.079071283564629,10.05765077447563,-0.1130020913230955,9.955358937697032,10.068361029020128,0.0122872377650162,3.913488149642944,False
40.0,15.0,14.101389984641774,14.071429217862397,-0.1579692183226661,13.92844038292942,14.086409601252086,0.0122777632205853,3.6027514934539795,False
40.0,17.5,18.745018061266244,18.70520152515736,-0.2098258260353475,18.51528396717645,18.7251097932118,0.0122687715386894,3.6852855682373047,False
40.0,20.5,25.11845596004047,25.065117255867158,-0.2809269639568535,24.81085964399696,25.09178660795381,0.0122588447307298,3.8926076889038086,False
40.0,22.0,28.62979118733785,28.569004631798943,-0.3200700740085553,28.27932783555984,28.599397909568395,0.0122542213261334,3.9690539836883545,True
77.0,0.0,0.0,0.0,0.0,0.0,0.0,0.0,0.0,False
77.0,2.5,0.0517812251994323,0.0516717861891783,-0.0005732585204072,0.051153247173898,0.0517265056943053,0.0121403527476905,3.702975034713745,False
77.0,5.0,0.1983957400177196,0.1979764429725843,-0.0021963021718538,0.1959897893232981,0.1981860914951519,0.0121398564161113,3.794379949569702,False
77.0,7.5,0.4253848128623334,0.42448580247169,-0.0047090116540169,0.4202262960129947,0.4249353076670117,0.0121395345509413,3.850481986999512,False
77.0,10.0,0.7216567176682867,0.7201315756030442,-0.0079886413405406,0.7129055052951248,0.7208941466356654,0.0121393860860195,3.765238761901856,False
77.0,12.5,1.079801861900355,1.077519822904726,-0.0119532256696185,1.066707616732922,1.0786608424025408,0.0121393534025652,3.7465436458587646,False
77.0,15.0,1.494634915713116,1.491476169198006,-0.0165454002837434,1.4765101421718174,1.493055542455561,0.0121393833155661,3.643430709838867,False
77.0,17.5,1.9627651522066605,1.9586170487705812,-0.0217276740082782,1.9389634264803424,1.9606911004886207,0.0121394572150535,3.92016077041626,False
77.0,20.5,2.591436140834516,2.585959372872063,-0.0286873164907432,2.560010440362546,2.588697756853289,0.0121395788244393,3.8502602577209473,False
77.0,22.0,2.932086597871683,2.925889875148429,-0.0324585210618892,2.896529715448166,2.9289882365100555,0.0121396467149637,3.9046378135681152,True
